FullGeoName,Year,Location,Total human disease cases,Neuroinvasive disease cases,**Presumptive viremic blood donors
,2024,"DE, Kent",0,0,0
,2024,"DE, New Castle",1,1,4
,2024,"DE, Sussex",1,0,1
,2024,"DC, Washington",4,2,1
,2024,"FL, Alachua",0,0,0
,2024,"FL, Bay",2,2,0
,2024,"FL, Brevard",1,1,0
,2024,"FL, Charlotte",1,1,0
,2024,"FL, Citrus",0,0,1
,2024,"FL, Duval",3,2,3
,2024,"FL, Glades",1,1,0
,2024,"FL, Hernando",0,0,1
,2024,"FL, Highlands",1,1,0
,2024,"FL, Hillsborough",1,0,1
,2024,"FL, Indian River",0,0,0
,2024,"FL, Lake",1,1,0
,2024,"FL, Lee",0,0,0
,2024,"FL, Leon",0,0,0
,2024,"FL, Levy",1,0,0
,2024,"FL, Manatee",0,0,1
,2024,"FL, Marion",2,2,1
,2024,"FL, Martin",1,1,0
,2024,"FL, Miami-Dade",1,1,0
,2024,"FL, Nassau",0,0,0
,2024,"FL, Okeechobee",1,1,0
,2024,"FL, Orange",0,0,1
,2024,"FL, Palm Beach",0,0,0
,2024,"FL, Pasco",1,0,1
,2024,"FL, Pinellas",1,1,0
,2024,"FL, Polk",0,0,1
,2024,"FL, Putnam",0,0,0
,2024,"FL, St Johns",0,0,0
,2024,"FL, St Lucie",0,0,0
,2024,"FL, Santa Rosa",1,1,0
,2024,"FL, Sarasota",0,0,0
,2024,"FL, Seminole",1,1,0
,2024,"FL, Sumter",0,0,0
,2024,"FL, Volusia",0,0,0
,2024,"FL, Walton",1,1,2
,2024,"GA, Appling",1,0,0
,2024,"GA, Bulloch",1,0,2
,2024,"GA, Butts",0,0,1
,2024,"GA, Chatham",1,1,2
,2024,"GA, Cherokee",1,0,2
,2024,"GA, Clayton",0,0,1
,2024,"GA, Cobb",3,3,2
,2024,"GA, Columbia",1,1,0
,2024,"GA, De Kalb",13,9,6
,2024,"GA, Douglas",1,1,0
,2024,"GA, Forsyth",1,1,0
,2024,"GA, Fulton",18,13,4
,2024,"GA, Glynn",1,1,0
,2024,"GA, Gwinnett",1,1,1
,2024,"GA, Hall",1,0,1
,2024,"GA, Henry",1,1,0
,2024,"GA, Houston",2,2,1
,2024,"GA, Jeff Davis",1,1,0
,2024,"GA, Muscogee",1,0,1
,2024,"GA, Pierce",0,0,2
,2024,"GA, Richmond",2,2,0
,2024,"GA, Spalding",0,0,1
,2024,"GA, Sumter",1,1,0
,2024,"GA, Tattnall",0,0,1
,2024,"GA, Toombs",0,0,1
,2024,"GA, Ware",0,0,1
,2024,"GA, Wayne",0,0,0
,2024,"GA, Wheeler",1,1,0
,2024,"HI, Honolulu",1,1,0
,2024,"ID, Ada",4,2,0
,2024,"ID, Bannock",0,0,0
,2024,"ID, Bingham",0,0,0
,2024,"ID, Canyon",1,1,0
,2024,"ID, Elmore",0,0,0
,2024,"ID, Franklin",0,0,0
,2024,"ID, Gem",1,1,0
,2024,"ID, Owyhee",0,0,0
,2024,"ID, Payette",0,0,0
,2024,"ID, Twin Falls",0,0,0
,2024,"IL, Alexander",0,0,0
,2024,"IL, Boone",0,0,0
,2024,"IL, Bureau",0,0,0
,2024,"IL, Carroll",0,0,0
,2024,"IL, Champaign",1,1,0
,2024,"IL, Christian",0,0,1
,2024,"IL, Clay",0,0,0
,2024,"IL, Clinton",0,0,0
,2024,"IL, Coles",1,0,0
,2024,"IL, Cook",29,24,1
,2024,"IL, De Kalb",0,0,0
,2024,"IL, Douglas",0,0,0
,2024,"IL, Du Page",9,9,0
,2024,"IL, Fayette",0,0,0
,2024,"IL, Ford",0,0,0
,2024,"IL, Franklin",0,0,0
,2024,"IL, Fulton",0,0,0
,2024,"IL, Gallatin",0,0,0
,2024,"IL, Greene",0,0,0
,2024,"IL, Grundy",0,0,1
,2024,"IL, Hancock",0,0,0
,2024,"IL, Hardin",0,0,0
,2024,"IL, Jackson",0,0,0
,2024,"IL, Johnson",0,0,0
,2024,"IL, Kane",3,3,2
,2024,"IL, Kankakee",0,0,0
,2024,"IL, Kendall",0,0,0
,2024,"IL, Knox",0,0,0
,2024,"IL, Lake",6,5,0
,2024,"IL, La Salle",0,0,0
,2024,"IL, Lawrence",0,0,0
,2024,"IL, Lee",0,0,0
,2024,"IL, Livingston",0,0,0
,2024,"IL, Logan",0,0,0
,2024,"IL, Mcdonough",0,0,0
,2024,"IL, Mchenry",1,1,2
,2024,"IL, Mclean",0,0,0
,2024,"IL, Macon",1,0,0
,2024,"IL, Macoupin",0,0,0
,2024,"IL, Madison",0,0,0
,2024,"IL, Marion",0,0,0
,2024,"IL, Marshall",0,0,0
,2024,"IL, Massac",0,0,0
,2024,"IL, Mercer",0,0,0
,2024,"IL, Monroe",0,0,0
,2024,"IL, Montgomery",0,0,0
,2024,"IL, Morgan",0,0,0
,2024,"IL, Moultrie",0,0,0
,2024,"IL, Ogle",0,0,0
,2024,"IL, Peoria",0,0,0
,2024,"IL, Perry",0,0,1
,2024,"IL, Pulaski",0,0,0
,2024,"IL, Putnam",0,0,0
,2024,"IL, Randolph",0,0,0
,2024,"IL, Richland",0,0,0
,2024,"IL, Rock Island",0,0,0
,2024,"IL, St Clair",3,3,0
,2024,"IL, Sangamon",1,1,0
,2024,"IL, Scott",0,0,0
,2024,"IL, Shelby",0,0,0
,2024,"IL, Stephenson",0,0,0
,2024,"IL, Tazewell",2,2,0
,2024,"IL, Union",0,0,0
,2024,"IL, Vermilion",1,1,0
,2024,"IL, Washington",0,0,0
,2024,"IL, Wayne",0,0,0
,2024,"IL, White",0,0,0
,2024,"IL, Whiteside",0,0,0
,2024,"IL, Will",2,1,1
,2024,"IL, Williamson",0,0,0
,2024,"IL, Winnebago",4,2,0
,2024,"IL, Woodford",0,0,0
,2024,"IN, Adams",0,0,0
,2024,"IN, Allen",0,0,1
,2024,"IN, Bartholomew",0,0,0
,2024,"IN, Benton",0,0,0
,2024,"IN, Blackford",0,0,0
,2024,"IN, Boone",0,0,0
,2024,"IN, Brown",0,0,0
,2024,"IN, Carroll",0,0,0
,2024,"IN, Cass",0,0,0
,2024,"IN, Clark",0,0,0
,2024,"IN, Clay",0,0,0
,2024,"IN, Clinton",0,0,0
,2024,"IN, Crawford",0,0,0
,2024,"IN, Daviess",0,0,1
,2024,"IN, Dearborn",0,0,0
,2024,"IN, Decatur",0,0,0
,2024,"IN, De Kalb",0,0,0
,2024,"IN, Delaware",0,0,0
,2024,"IN, Dubois",0,0,1
,2024,"IN, Elkhart",0,0,1
,2024,"IN, Fayette",0,0,0
,2024,"IN, Floyd",0,0,0
,2024,"IN, Fountain",0,0,0
,2024,"IN, Franklin",0,0,0
,2024,"IN, Fulton",0,0,1
,2024,"IN, Gibson",0,0,0
,2024,"IN, Grant",0,0,0
,2024,"IN, Greene",0,0,0
,2024,"IN, Hamilton",0,0,0
,2024,"IN, Hancock",0,0,0
,2024,"IN, Harrison",0,0,0
,2024,"IN, Hendricks",0,0,0
,2024,"IN, Henry",0,0,0
,2024,"IN, Howard",0,0,0
,2024,"IN, Huntington",0,0,0
,2024,"IN, Jackson",0,0,0
,2024,"IN, Jasper",0,0,0
,2024,"IN, Jay",0,0,0
,2024,"IN, Jefferson",0,0,0
,2024,"IN, Jennings",0,0,0
,2024,"IN, Johnson",1,1,0
,2024,"IN, Knox",0,0,0
,2024,"IN, Kosciusko",1,1,1
,2024,"IN, La Grange",0,0,1
,2024,"IN, Lake",2,2,0
,2024,"IN, La Porte",0,0,0
,2024,"IN, Lawrence",0,0,0
,2024,"IN, Madison",0,0,0
,2024,"IN, Marion",2,1,0
,2024,"IN, Marshall",0,0,0
,2024,"IN, Martin",0,0,0
,2024,"IN, Miami",0,0,0
,2024,"IN, Monroe",0,0,0
,2024,"IN, Montgomery",0,0,0
,2024,"IN, Morgan",0,0,0
,2024,"IN, Newton",0,0,0
,2024,"IN, Noble",0,0,2
,2024,"IN, Ohio",0,0,0
,2024,"IN, Orange",0,0,0
,2024,"IN, Owen",0,0,0
,2024,"IN, Parke",0,0,0
,2024,"IN, Perry",0,0,0
,2024,"IN, Pike",0,0,0
,2024,"IN, Porter",2,2,0
,2024,"IN, Pulaski",0,0,0
,2024,"IN, Putnam",0,0,0
,2024,"IN, Randolph",0,0,0
,2024,"IN, Ripley",1,1,0
,2024,"IN, Rush",0,0,0
,2024,"IN, St Joseph",0,0,0
,2024,"IN, Scott",0,0,0
,2024,"IN, Shelby",0,0,0
,2024,"IN, Spencer",0,0,0
,2024,"IN, Starke",0,0,0
,2024,"IN, Steuben",0,0,0
,2024,"IN, Sullivan",0,0,0
,2024,"IN, Switzerland",0,0,0
,2024,"IN, Tippecanoe",0,0,0
,2024,"IN, Tipton",0,0,0
,2024,"IN, Union",0,0,0
,2024,"IN, Vanderburgh",1,1,0
,2024,"IN, Vermillion",0,0,0
,2024,"IN, Vigo",0,0,0
,2024,"IN, Wabash",0,0,0
,2024,"IN, Warren",0,0,0
,2024,"IN, Warrick",1,1,0
,2024,"IN, Washington",0,0,0
,2024,"IN, Wayne",0,0,0
,2024,"IN, Wells",0,0,0
,2024,"IN, White",0,0,0
,2024,"IN, Whitley",0,0,0
,2024,"IA, Black Hawk",0,0,0
,2024,"IA, Chickasaw",1,1,0
,2024,"IA, Harrison",2,2,0
,2024,"IA, Jackson",0,0,1
,2024,"IA, Johnson",1,0,0
,2024,"IA, Jones",1,0,0
,2024,"IA, Keokuk",1,1,0
,2024,"IA, Marion",2,0,0
,2024,"IA, Osceola",1,1,0
,2024,"IA, Plymouth",0,0,0
,2024,"IA, Polk",5,5,0
,2024,"IA, Pottawattamie",2,2,0
,2024,"IA, Sioux",3,2,0
,2024,"IA, Story",0,0,0
,2024,"IA, Warren",2,2,0
,2024,"IA, Woodbury",0,0,0
,2024,"KY, Adair",0,0,0
,2024,"KY, Allen",1,1,0
,2024,"KY, Breathitt",1,1,0
,2024,"KY, Crittenden",0,0,0
,2024,"KY, Daviess",1,0,0
,2024,"KY, Fleming",0,0,0
,2024,"KY, Graves",0,0,0
,2024,"KY, Jefferson",1,1,0
,2024,"KY, Kenton",1,1,0
,2024,"KY, Larue",0,0,0
,2024,"KY, Lewis",0,0,0
,2024,"KY, Logan",0,0,0
,2024,"KY, Mccracken",3,3,0
,2024,"KY, Todd",0,0,0
,2024,"KY, Wayne",1,1,0
,2024,"LA, Acadia Parish",0,0,0
,2024,"LA, Allen Parish",0,0,1
,2024,"LA, Ascension Parish",0,0,0
,2024,"LA, Avoyelles Parish",1,1,0
,2024,"LA, Beauregard Parish",1,1,0
,2024,"LA, Bossier Parish",2,1,0
,2024,"LA, Caddo Parish",1,1,1
,2024,"LA, Calcasieu Parish",4,2,1
,2024,"LA, Cameron Parish",0,0,0
,2024,"LA, De Soto Parish",2,1,0
,2024,"LA, East Baton Rouge Parish",3,2,0
,2024,"LA, Evangeline Parish",0,0,0
,2024,"LA, Franklin Parish",7,6,0
,2024,"LA, Iberia Parish",1,1,0
,2024,"LA, Jefferson Davis Parish",2,2,0
,2024,"LA, Lafayette Parish",3,2,0
,2024,"LA, Lafourche Parish",2,2,0
,2024,"LA, Lincoln Parish",0,0,0
,2024,"LA, Livingston Parish",2,1,0
,2024,"LA, Morehouse Parish",1,1,0
,2024,"LA, Orleans Parish",1,1,0
,2024,"LA, Ouachita Parish",8,3,0
,2024,"LA, Pointe Coupee Parish",0,0,0
,2024,"LA, Rapides Parish",3,1,1
,2024,"LA, St Landry Parish",2,2,0
,2024,"LA, St Martin Parish",0,0,0
,2024,"LA, St Tammany Parish",1,1,0
,2024,"LA, Tangipahoa Parish",1,1,0
,2024,"LA, Terrebonne Parish",0,0,1
,2024,"LA, Vermilion Parish",1,1,0
,2024,"LA, Vernon Parish",0,0,0
,2024,"LA, Washington Parish",1,1,0
,2024,"LA, Webster Parish",2,2,0
,2024,"LA, West Baton Rouge Parish",1,1,0
,2024,"ME, Cumberland",1,0,0
,2024,"ME, Hancock",0,0,0
,2024,"ME, Kennebec",0,0,0
,2024,"ME, Knox",0,0,0
,2024,"ME, Lincoln",0,0,0
,2024,"ME, Oxford",0,0,0
,2024,"ME, Penobscot",0,0,0
,2024,"ME, Piscataquis",0,0,0
,2024,"ME, Sagadahoc",0,0,0
,2024,"ME, Somerset",0,0,0
,2024,"ME, Waldo",1,1,0
,2024,"ME, Washington",0,0,0
,2024,"ME, York",0,0,0
,2024,"MA, Barnstable",2,2,0
,2024,"MA, Berkshire",0,0,0
,2024,"MA, Bristol",1,0,0
,2024,"MA, Dukes",0,0,0
,2024,"MA, Essex",2,2,0
,2024,"MA, Franklin",0,0,0
,2024,"MA, Hampden",2,2,0
,2024,"MA, Middlesex",5,4,0
,2024,"MA, Norfolk",1,1,0
,2024,"MA, Plymouth",0,0,0
,2024,"MA, Suffolk",4,3,0
,2024,"MA, Worcester",2,2,0
,2024,"MI, Alger",0,0,0
,2024,"MI, Allegan",0,0,0
,2024,"MI, Alpena",0,0,0
,2024,"MI, Antrim",0,0,0
,2024,"MI, Arenac",0,0,0
,2024,"MI, Bay",0,0,0
,2024,"MI, Berrien",1,1,0
,2024,"MI, Branch",0,0,0
,2024,"MI, Calhoun",1,1,0
,2024,"MI, Cass",0,0,0
,2024,"MI, Cheboygan",0,0,0
,2024,"MI, Chippewa",0,0,0
,2024,"MI, Clare",0,0,0
,2024,"MI, Crawford",0,0,0
,2024,"MI, Delta",1,0,0
,2024,"MI, Eaton",1,1,0
,2024,"MI, Emmet",0,0,0
,2024,"MI, Genesee",3,2,0
,2024,"MI, Grand Traverse",0,0,0
,2024,"MI, Gratiot",0,0,0
,2024,"MI, Huron",0,0,0
,2024,"MI, Ingham",1,1,0
,2024,"MI, Iosco",0,0,0
,2024,"MI, Iron",0,0,0
,2024,"MI, Jackson",3,2,1
,2024,"MI, Kalamazoo",0,0,0
,2024,"MI, Kalkaska",0,0,0
,2024,"MI, Kent",1,1,0
,2024,"MI, Lapeer",1,0,1
,2024,"MI, Lenawee",1,1,0
,2024,"MI, Livingston",1,1,0
,2024,"MI, Luce",0,0,0
,2024,"MI, Macomb",6,5,0
,2024,"MI, Marquette",0,0,0
,2024,"MI, Mason",0,0,0
,2024,"MI, Menominee",0,0,0
,2024,"MI, Monroe",1,0,0
,2024,"MI, Montmorency",0,0,0
,2024,"MI, Muskegon",0,0,0
,2024,"MI, Oakland",4,4,2
,2024,"MI, Ogemaw",0,0,0
,2024,"MI, Ontonagon",0,0,0
,2024,"MI, Otsego",0,0,0
,2024,"MI, Ottawa",0,0,0
,2024,"MI, Roscommon",0,0,0
,2024,"MI, Saginaw",0,0,0
,2024,"MI, St Clair",1,1,0
,2024,"MI, St Joseph",0,0,0
,2024,"MI, Tuscola",0,0,0
,2024,"MI, Van Buren",0,0,0
,2024,"MI, Washtenaw",0,0,0
,2024,"MI, Wayne",4,3,0
,2024,"MI, Wexford",0,0,0
,2024,"MN, Anoka",1,1,1
,2024,"MN, Becker",1,1,0
,2024,"MN, Carver",4,3,0
,2024,"MN, Cass",2,1,0
,2024,"MN, Clay",2,1,0
,2024,"MN, Cook",0,0,0
,2024,"MN, Dakota",2,2,1
,2024,"MN, Douglas",1,1,0
,2024,"MN, Hennepin",4,3,0
,2024,"MN, Lake",1,1,0
,2024,"MN, Mille Lacs",1,1,0
,2024,"MN, Nicollet",1,1,0
,2024,"MN, Polk",3,2,0
,2024,"MN, Ramsey",3,2,1
,2024,"MN, Red Lake",1,1,0
,2024,"MN, Redwood",1,0,0
,2024,"MN, Rice",0,0,2
,2024,"MN, Rock",1,1,0
,2024,"MN, St Louis",1,1,1
,2024,"MN, Scott",1,1,1
,2024,"MN, Sibley",1,0,0
,2024,"MN, Stearns",1,1,0
,2024,"MN, Todd",1,1,0
,2024,"MN, Washington",0,0,0
,2024,"MN, Wright",0,0,1
,2024,"MN, Yellow Medicine",1,0,0
,2024,"MS, Adams",1,1,0
,2024,"MS, Calhoun",1,1,0
,2024,"MS, Chickasaw",0,0,0
,2024,"MS, Clarke",1,1,1
,2024,"MS, Copiah",1,1,0
,2024,"MS, Covington",1,0,0
,2024,"MS, De Soto",1,1,0
,2024,"MS, Forrest",3,3,0
,2024,"MS, Franklin",0,0,1
,2024,"MS, Grenada",1,0,0
,2024,"MS, Hancock",1,1,0
,2024,"MS, Harrison",1,1,1
,2024,"MS, Hinds",8,4,7
,2024,"MS, Jackson",4,2,0
,2024,"MS, Lamar",1,1,0
,2024,"MS, Leake",1,1,0
,2024,"MS, Lincoln",2,1,0
,2024,"MS, Lowndes",1,1,0
,2024,"MS, Madison",9,6,0
,2024,"MS, Marion",0,0,1
,2024,"MS, Monroe",1,1,0
,2024,"MS, Neshoba",2,1,0
,2024,"MS, Oktibbeha",1,0,1
,2024,"MS, Panola",1,1,0
,2024,"MS, Pearl River",1,1,0
,2024,"MS, Pike",1,1,0
,2024,"MS, Rankin",11,9,1
,2024,"MS, Simpson",1,0,0
,2024,"MS, Tate",2,1,0
,2024,"MS, Washington",0,0,0
,2024,"MS, Yazoo",1,1,0
,2024,"MO, Bollinger",0,0,1
,2024,"MO, Boone",1,0,0
,2024,"MO, Buchanan",2,1,0
,2024,"MO, Cass",0,0,1
,2024,"MO, Crawford",0,0,0
,2024,"MO, Greene",1,1,0
,2024,"MO, Grundy",0,0,0
,2024,"MO, Harrison",0,0,0
,2024,"MO, Jackson",4,3,1
,2024,"MO, Jefferson",0,0,0
,2024,"MO, Lincoln",2,2,0
,2024,"MO, Livingston",0,0,0
,2024,"MO, Mercer",0,0,0
,2024,"MO, St Francois",1,1,0
,2024,"MO, St Louis",3,3,1
,2024,"MO, St Louis City",1,1,0
,2024,"MT, Blaine",0,0,0
,2024,"MT, Dawson",0,0,0
,2024,"MT, Prairie",0,0,0
,2024,"MT, Richland",2,2,0
,2024,"MT, Sheridan",0,0,1
,2024,"MT, Valley",1,0,1
,2024,"MT, Wibaux",0,0,0
,2024,"MT, Yellowstone",1,0,0
,2024,"NE, Adams",3,1,0
,2024,"NE, Antelope",2,1,0
,2024,"NE, Blaine",1,1,0
,2024,"NE, Boone",2,1,0
,2024,"NE, Box Butte",2,0,0
,2024,"NE, Buffalo",2,0,0
,2024,"NE, Butler",1,1,0
,2024,"NE, Cass",1,1,1
,2024,"NE, Chase",1,0,0
,2024,"NE, Cheyenne",1,0,0
,2024,"NE, Colfax",3,1,1
,2024,"NE, Custer",2,2,0
,2024,"NE, Dawson",2,1,0
,2024,"NE, Deuel",1,0,0
,2024,"NE, Dodge",3,2,2
,2024,"NE, Douglas",17,13,4
,2024,"NE, Fillmore",1,1,0
,2024,"NE, Garfield",0,0,0
,2024,"NE, Hall",7,6,0
,2024,"NE, Hamilton",1,1,0
,2024,"NE, Hitchcock",1,0,0
,2024,"NE, Holt",1,0,0
,2024,"NE, Keith",1,1,0
,2024,"NE, Lancaster",11,3,3
,2024,"NE, Lincoln",2,1,0
,2024,"NE, Madison",1,0,1
,2024,"NE, Merrick",3,2,0
,2024,"NE, Morrill",2,0,0
,2024,"NE, Nance",1,0,1
,2024,"NE, Pawnee",1,1,0
,2024,"NE, Perkins",3,0,0
,2024,"NE, Richardson",1,1,0
,2024,"NE, Sarpy",1,1,2
,2024,"NE, Saunders",1,1,0
,2024,"NE, Scotts Bluff",3,3,0
,2024,"NE, Seward",2,2,0
,2024,"NE, Washington",3,1,2
,2024,"NE, Wayne",1,0,2
,2024,"NE, York",0,0,0
,2024,"NV, Churchill",1,1,0
,2024,"NV, Clark",26,14,4
,2024,"NV, Douglas",0,0,0
,2024,"NV, Elko",0,0,0
,2024,"NV, Humboldt",0,0,0
,2024,"NV, Lyon",0,0,0
,2024,"NV, Nye",0,0,0
,2024,"NV, Washoe",0,0,0
,2024,"NH, Cheshire",1,1,0
,2024,"NH, Hillsborough",0,0,0
,2024,"NH, Rockingham",0,0,0
,2024,"NJ, Atlantic",0,0,0
,2024,"NJ, Bergen",6,4,1
,2024,"NJ, Burlington",2,1,0
,2024,"NJ, Camden",5,4,2
,2024,"NJ, Cape May",1,1,0
,2024,"NJ, Cumberland",2,2,0
,2024,"NJ, Essex",3,2,1
,2024,"NJ, Gloucester",0,0,0
,2024,"NJ, Hudson",1,1,0
,2024,"NJ, Hunterdon",1,1,0
,2024,"NJ, Mercer",3,2,0
,2024,"NJ, Middlesex",3,3,0
,2024,"NJ, Monmouth",4,4,0
,2024,"NJ, Morris",0,0,0
,2024,"NJ, Ocean",3,2,0
,2024,"NJ, Passaic",1,1,1
,2024,"NJ, Salem",1,1,0
,2024,"NJ, Somerset",1,1,1
,2024,"NJ, Sussex",0,0,0
,2024,"NJ, Union",2,2,0
,2024,"NJ, Warren",2,1,0
,2024,"NM, Bernalillo",15,12,2
,2024,"NM, Chaves",0,0,2
,2024,"NM, Dona Ana",3,3,0
,2024,"NM, Lea",1,1,1
,2024,"NM, Mckinley",1,1,0
,2024,"NM, Sandoval",4,4,0
,2024,"NM, San Juan",1,1,0
,2024,"NM, Sierra",0,0,0
,2024,"NM, Union",1,1,0
,2024,"NM, Valencia",2,2,0
,2024,"NY, Bronx",3,3,0
,2024,"NY, Chautauqua",0,0,0
,2024,"NY, Clinton",2,2,0
,2024,"NY, Dutchess",2,2,0
,2024,"NY, Erie",0,0,0
,2024,"NY, Herkimer",0,0,0
,2024,"NY, Jefferson",0,0,0
,2024,"NY, Kings",12,7,3
,2024,"NY, Livingston",0,0,1
,2024,"NY, Madison",0,0,0
,2024,"NY, Nassau",20,10,3
,2024,"NY, New York",7,6,1
,2024,"NY, Niagara",1,0,1
,2024,"NY, Onondaga",0,0,0
,2024,"NY, Orange",0,0,0
,2024,"NY, Orleans",1,1,0
,2024,"NY, Oswego",0,0,0
,2024,"NY, Queens",12,9,2
,2024,"NY, Richmond",2,1,0
,2024,"NY, Rockland",0,0,0
,2024,"NY, St Lawrence",0,0,1
,2024,"NY, Saratoga",1,1,0
,2024,"NY, Suffolk",20,15,2
,2024,"NY, Sullivan",1,1,0
,2024,"NY, Tompkins",1,1,0
,2024,"NY, Warren",0,0,0
,2024,"NY, Wayne",1,1,0
,2024,"NY, Westchester",11,6,1
,2024,"NY, Wyoming",1,1,0
,2024,"NY, Yates",0,0,1
,2024,"NC, Beaufort",2,2,0
,2024,"NC, Buncombe",1,1,3
,2024,"NC, Cabarrus",1,1,1
,2024,"NC, Caldwell",0,0,1
,2024,"NC, Cleveland",1,1,0
,2024,"NC, Columbus",3,3,0
,2024,"NC, Cumberland",1,1,0
,2024,"NC, Davidson",0,0,0
,2024,"NC, Durham",0,0,1
,2024,"NC, Forsyth",0,0,0
,2024,"NC, Gaston",1,1,0
,2024,"NC, Guilford",1,1,0
,2024,"NC, Johnston",1,1,0
,2024,"NC, Mecklenburg",5,5,3
,2024,"NC, Onslow",1,1,0
,2024,"NC, Orange",1,1,0
,2024,"NC, Pitt",2,2,0
,2024,"NC, Randolph",0,0,0
,2024,"NC, Rutherford",1,1,0
,2024,"NC, Wake",3,3,4
,2024,"NC, Wilkes",1,1,0
,2024,"ND, Benson",1,0,0
,2024,"ND, Burleigh",9,6,0
,2024,"ND, Cass",5,4,0
,2024,"ND, Dickey",1,1,0
,2024,"ND, Dunn",1,1,0
,2024,"ND, Grand Forks",2,1,0
,2024,"ND, Mchenry",1,1,0
,2024,"ND, Mckenzie",1,1,0
,2024,"ND, Morton",3,1,0
,2024,"ND, Mountrail",1,0,1
,2024,"ND, Pierce",1,0,0
,2024,"ND, Ramsey",3,0,0
,2024,"ND, Richland",0,0,1
,2024,"ND, Sargent",1,0,0
,2024,"ND, Stark",1,1,1
,2024,"ND, Stutsman",1,1,1
,2024,"ND, Ward",1,0,3
,2024,"ND, Williams",5,4,1
,2024,"OH, Ashtabula",2,2,0
,2024,"OH, Athens",0,0,0
,2024,"OH, Auglaize",1,1,0
,2024,"OH, Brown",0,0,0
,2024,"OH, Carroll",0,0,0
,2024,"OH, Clark",0,0,0
,2024,"OH, Clermont",0,0,0
,2024,"OH, Columbiana",0,0,0
,2024,"OH, Crawford",0,0,0
,2024,"OH, Cuyahoga",3,1,3
,2024,"OH, Darke",0,0,0
,2024,"OH, Delaware",0,0,0
,2024,"OH, Fairfield",0,0,0
,2024,"OH, Franklin",1,1,0
,2024,"OH, Geauga",0,0,0
,2024,"OH, Greene",0,0,0
,2024,"OH, Hamilton",0,0,0
,2024,"OH, Hancock",1,1,0
,2024,"OH, Harrison",0,0,0
,2024,"OH, Henry",1,1,0
,2024,"OH, Knox",0,0,0
,2024,"OH, Lake",0,0,0
,2024,"OH, Licking",0,0,0
,2024,"OH, Lorain",2,2,0
,2024,"OH, Lucas",1,1,1
,2024,"OH, Medina",0,0,0
,2024,"OH, Meigs",0,0,0
,2024,"OH, Montgomery",0,0,0
,2024,"OH, Ottawa",0,0,0
,2024,"OH, Pickaway",0,0,0
,2024,"OH, Pike",0,0,0
,2024,"OH, Portage",0,0,0
,2024,"OH, Richland",0,0,0
,2024,"OH, Sandusky",0,0,0
,2024,"OH, Scioto",0,0,0
,2024,"OH, Seneca",0,0,0
,2024,"OH, Shelby",0,0,0
,2024,"OH, Stark",1,1,0
,2024,"OH, Summit",0,0,0
,2024,"OH, Tuscarawas",0,0,0
,2024,"OH, Union",0,0,0
,2024,"OH, Vinton",0,0,0
,2024,"OH, Warren",0,0,0
,2024,"OH, Washington",0,0,0
,2024,"OH, Wood",0,0,0
,2024,"OH, Wyandot",1,1,0
,2024,"OK, Adair",0,0,0
,2024,"OK, Alfalfa",1,1,0
,2024,"OK, Bryan",0,0,0
,2024,"OK, Caddo",1,1,0
,2024,"OK, Canadian",1,1,0
,2024,"OK, Carter",0,0,0
,2024,"OK, Choctaw",0,0,0
,2024,"OK, Cleveland",10,8,0
,2024,"OK, Coal",0,0,0
,2024,"OK, Comanche",2,2,1
,2024,"OK, Creek",0,0,0
,2024,"OK, Delaware",1,1,0
,2024,"OK, Garfield",1,1,1
,2024,"OK, Garvin",0,0,1
,2024,"OK, Grady",1,0,0
,2024,"OK, Harper",0,0,0
,2024,"OK, Hughes",0,0,1
,2024,"OK, Jackson",1,1,0
,2024,"OK, Kay",0,0,0
,2024,"OK, Kingfisher",0,0,0
,2024,"OK, Kiowa",0,0,0
,2024,"OK, Latimer",0,0,0
,2024,"OK, Le Flore",0,0,0
,2024,"OK, Mcclain",0,0,0
,2024,"OK, Mccurtain",0,0,0
,2024,"OK, Marshall",0,0,0
,2024,"OK, Mayes",0,0,0
,2024,"OK, Murray",0,0,0
,2024,"OK, Muskogee",0,0,0
,2024,"OK, Nowata",0,0,0
,2024,"OK, Oklahoma",11,10,2
,2024,"OK, Okmulgee",1,1,0
,2024,"OK, Osage",0,0,0
,2024,"OK, Ottawa",1,1,0
,2024,"OK, Payne",1,1,0
,2024,"OK, Pontotoc",0,0,0
,2024,"OK, Pottawatomie",0,0,1
,2024,"OK, Rogers",1,1,1
,2024,"OK, Stephens",0,0,0
,2024,"OK, Texas",0,0,0
,2024,"OK, Tulsa",7,6,2
,2024,"OK, Wagoner",0,0,0
,2024,"OK, Woodward",0,0,1
,2024,"OR, Baker",0,0,0
,2024,"OR, Jackson",0,0,0
,2024,"OR, Malheur",0,0,0
,2024,"OR, Morrow",0,0,0
,2024,"OR, Umatilla",0,0,0
,2024,"PA, Adams",0,0,0
,2024,"PA, Allegheny",4,2,0
,2024,"PA, Armstrong",0,0,0
,2024,"PA, Beaver",0,0,0
,2024,"PA, Bedford",1,1,0
,2024,"PA, Berks",2,2,1
,2024,"PA, Blair",0,0,0
,2024,"PA, Bradford",0,0,0
,2024,"PA, Bucks",6,2,1
,2024,"PA, Butler",0,0,0
,2024,"PA, Cambria",1,1,0
,2024,"PA, Cameron",0,0,0
,2024,"PA, Centre",0,0,0
,2024,"PA, Chester",5,3,2
,2024,"PA, Columbia",0,0,0
,2024,"PA, Crawford",0,0,0
,2024,"PA, Cumberland",0,0,0
,2024,"PA, Dauphin",1,1,0
,2024,"PA, Delaware",5,5,0
,2024,"PA, Erie",0,0,0
,2024,"PA, Fayette",0,0,0
,2024,"PA, Franklin",0,0,0
,2024,"PA, Fulton",0,0,0
,2024,"PA, Greene",0,0,0
,2024,"PA, Huntingdon",0,0,0
,2024,"PA, Indiana",0,0,0
,2024,"PA, Jefferson",0,0,0
,2024,"PA, Juniata",0,0,0
,2024,"PA, Lackawanna",1,1,0
,2024,"PA, Lancaster",5,4,0
,2024,"PA, Lawrence",1,1,0
,2024,"PA, Lebanon",1,1,0
,2024,"PA, Lehigh",3,3,0
,2024,"PA, Luzerne",2,1,0
,2024,"PA, Lycoming",0,0,0
,2024,"PA, Mercer",0,0,0
,2024,"PA, Mifflin",0,0,0
,2024,"PA, Monroe",0,0,0
,2024,"PA, Montgomery",8,8,0
,2024,"PA, Montour",0,0,0
,2024,"PA, Northampton",0,0,1
,2024,"PA, Northumberland",0,0,0
,2024,"PA, Perry",1,1,0
,2024,"PA, Philadelphia",9,9,2
,2024,"PA, Pike",0,0,0
,2024,"PA, Schuylkill",1,0,0
,2024,"PA, Snyder",0,0,0
,2024,"PA, Tioga",0,0,0
,2024,"PA, Union",1,0,0
,2024,"PA, Warren",0,0,0
,2024,"PA, Washington",0,0,0
,2024,"PA, Wayne",0,0,0
,2024,"PA, Westmoreland",0,0,0
,2024,"PA, York",2,2,2
,2024,"RI, Newport",2,1,1
,2024,"RI, Providence",4,2,1
,2024,"RI, Washington",0,0,0
,2024,"SC, Aiken",0,0,0
,2024,"SC, Beaufort",0,0,0
,2024,"SC, Charleston",0,0,0
,2024,"SC, Cherokee",0,0,0
,2024,"SC, Darlington",0,0,0
,2024,"SC, Florence",0,0,0
,2024,"SC, Greenville",0,0,0
,2024,"SC, Horry",0,0,0
,2024,"SC, Lexington",0,0,0
,2024,"SC, Pickens",0,0,0
,2024,"SC, Richland",0,0,0
,2024,"SD, Beadle",3,0,0
,2024,"SD, Brookings",1,0,0
,2024,"SD, Brown",0,0,0
,2024,"SD, Brule",0,0,1
,2024,"SD, Charles Mix",1,0,0
,2024,"SD, Codington",1,0,0
,2024,"SD, Davison",1,0,0
,2024,"SD, Dewey",1,0,1
,2024,"SD, Gregory",1,1,0
,2024,"SD, Hand",1,1,0
,2024,"SD, Hughes",0,0,0
,2024,"SD, Hutchinson",1,0,0
,2024,"SD, Kingsbury",2,0,0
,2024,"SD, Lawrence",1,0,0
,2024,"SD, Lincoln",0,0,0
,2024,"SD, Meade",0,0,0
,2024,"SD, Minnehaha",0,0,0
,2024,"SD, Pennington",1,1,1
,2024,"SD, Potter",1,1,0
,2024,"SD, Roberts",1,0,0
,2024,"SD, Sanborn",0,0,1
,2024,"SD, Walworth",3,1,0
,2024,"SD, Ziebach",1,0,0
,2024,"TN, Crockett",1,1,0
,2024,"TN, Davidson",0,0,0
,2024,"TN, Fayette",1,0,0
,2024,"TN, Hickman",0,0,0
,2024,"TN, Knox",1,1,0
,2024,"TN, Morgan",0,0,0
,2024,"TN, Sevier",0,0,0
,2024,"TN, Shelby",5,5,0
,2024,"TN, Trousdale",1,1,0
,2024,"TX, Angelina",1,1,0
,2024,"TX, Archer",1,1,0
,2024,"TX, Armstrong",0,0,0
,2024,"TX, Bell",5,5,0
,2024,"TX, Bexar",12,10,5
,2024,"TX, Bowie",1,1,0
,2024,"TX, Brazoria",2,2,3
,2024,"TX, Brazos",2,2,0
,2024,"TX, Briscoe",0,0,0
,2024,"TX, Brooks",0,0,0
,2024,"TX, Burleson",0,0,0
,2024,"TX, Burnet",1,1,0
,2024,"TX, Caldwell",1,1,0
,2024,"TX, Cameron",4,3,0
,2024,"TX, Cherokee",1,1,0
,2024,"TX, Clay",1,1,0
,2024,"TX, Collin",10,10,5
,2024,"TX, Comal",0,0,1
,2024,"TX, Cooke",3,1,0
,2024,"TX, Crosby",1,1,0
,2024,"TX, Dallam",0,0,1
,2024,"TX, Dallas",35,26,6
,2024,"TX, Denton",24,18,4
,2024,"TX, Eastland",0,0,0
,2024,"TX, Ector",2,1,1
,2024,"TX, Ellis",3,3,2
,2024,"TX, El Paso",1,0,0
,2024,"TX, Erath",1,1,0
,2024,"TX, Floyd",0,0,0
,2024,"TX, Fort Bend",6,6,0
,2024,"TX, Galveston",2,2,2
,2024,"TX, Garza",1,1,0
,2024,"TX, Gonzales",1,1,0
,2024,"TX, Grayson",5,4,0
,2024,"TX, Grimes",3,2,0
,2024,"TX, Guadalupe",0,0,1
,2024,"TX, Hale",0,0,0
,2024,"TX, Hardin",0,0,0
,2024,"TX, Harris",77,71,25
,2024,"TX, Harrison",1,1,0
,2024,"TX, Haskell",0,0,0
,2024,"TX, Hays",5,2,0
,2024,"TX, Henderson",1,1,0
,2024,"TX, Hidalgo",14,11,0
,2024,"TX, Hill",1,1,0
,2024,"TX, Hockley",2,2,0
,2024,"TX, Hood",5,5,1
,2024,"TX, Hopkins",0,0,0
,2024,"TX, Hunt",0,0,0
,2024,"TX, Hutchinson",1,1,0
,2024,"TX, Jefferson",0,0,1
,2024,"TX, Jim Hogg",1,1,0
,2024,"TX, Jim Wells",0,0,1
,2024,"TX, Johnson",6,6,2
,2024,"TX, Kaufman",7,5,1
,2024,"TX, Kerr",0,0,0
,2024,"TX, King",0,0,0
,2024,"TX, Kleberg",0,0,0
,2024,"TX, Lamar",1,1,0
,2024,"TX, Leon",0,0,0
,2024,"TX, Liberty",0,0,0
,2024,"TX, Lubbock",14,12,2
,2024,"TX, Lynn",0,0,1
,2024,"TX, Mclennan",9,8,2
,2024,"TX, Martin",1,0,0
,2024,"TX, Midland",3,2,1
,2024,"TX, Milam",1,1,0
,2024,"TX, Montague",1,0,0
,2024,"TX, Montgomery",25,20,15
,2024,"TX, Moore",0,0,1
,2024,"TX, Navarro",1,1,0
,2024,"TX, Nueces",2,2,1
,2024,"TX, Orange",0,0,2
,2024,"TX, Palo Pinto",1,1,0
,2024,"TX, Parker",5,3,0
,2024,"TX, Polk",1,1,0
,2024,"TX, Potter",1,0,0
,2024,"TX, Randall",4,4,1
,2024,"TX, Red River",0,0,0
,2024,"TX, Rockwall",0,0,0
,2024,"TX, Rusk",0,0,0
,2024,"TX, San Augustine",2,1,0
,2024,"TX, San Patricio",0,0,0
,2024,"TX, Smith",2,2,0
,2024,"TX, Stonewall",1,1,0
,2024,"TX, Tarrant",71,52,5
,2024,"TX, Taylor",1,1,0
,2024,"TX, Terry",1,1,0
,2024,"TX, Tom Green",1,1,0
,2024,"TX, Travis",33,18,4
,2024,"TX, Walker",2,1,0
,2024,"TX, Waller",0,0,0
,2024,"TX, Webb",0,0,0
,2024,"TX, Wichita",10,10,1
,2024,"TX, Wilbarger",1,1,0
,2024,"TX, Williamson",4,1,0
,2024,"TX, Wise",2,2,0
,2024,"TX, Young",3,1,0
,2024,"UT, Box Elder",3,2,0
,2024,"UT, Cache",2,2,0
,2024,"UT, Davis",3,3,1
,2024,"UT, Emery",1,1,0
,2024,"UT, Millard",0,0,0
,2024,"UT, Salt Lake",0,0,0
,2024,"UT, Tooele",0,0,0
,2024,"UT, Uintah",0,0,0
,2024,"UT, Utah",3,3,0
,2024,"UT, Weber",2,2,5
,2024,"VT, Addison",0,0,0
,2024,"VT, Bennington",0,0,0
,2024,"VT, Caledonia",0,0,0
,2024,"VT, Chittenden",1,1,0
,2024,"VT, Franklin",0,0,0
,2024,"VT, Grand Isle",0,0,0
,2024,"VT, Lamoille",0,0,0
,2024,"VT, Orange",0,0,0
,2024,"VT, Orleans",0,0,0
,2024,"VT, Washington",0,0,0
,2024,"VT, Windham",0,0,0
,2024,"VT, Windsor",0,0,0
,2024,"VA, Fairfax",1,0,1
,2024,"VA, Henrico",0,0,0
,2024,"VA, Prince William",0,0,0
,2024,"VA, Rockingham",1,0,1
,2024,"VA, Warren",1,1,0
,2024,"VA, York",0,0,0
,2024,"VA, Alexandria City",1,1,0
,2024,"VA, Chesapeake City",1,0,1
,2024,"VA, Fairfax City",0,0,0
,2024,"VA, Falls Church City",0,0,0
,2024,"VA, Harrisonburg City",1,0,1
,2024,"VA, Newport News City",1,1,0
,2024,"VA, Norfolk City",0,0,0
,2024,"VA, Richmond City",1,1,0
,2024,"VA, Roanoke City",1,1,2
,2024,"VA, Suffolk City",0,0,0
,2024,"VA, Virginia Beach City",0,0,0
,2024,"WA, King",1,1,0
,2024,"WA, Yakima",0,0,0
,2024,"WV, Berkeley",2,2,0
,2024,"WI, Brown",2,2,0
,2024,"WI, Calumet",2,1,0
,2024,"WI, Chippewa",0,0,0
,2024,"WI, Clark",0,0,0
,2024,"WI, Dane",6,3,4
,2024,"WI, Dodge",0,0,2
,2024,"WI, Douglas",1,1,0
,2024,"WI, Dunn",1,1,0
,2024,"WI, Eau Claire",1,1,0
,2024,"WI, Fond Du Lac",1,1,1
,2024,"WI, Green Lake",0,0,0
,2024,"WI, Iowa",0,0,0
,2024,"WI, Jefferson",2,1,1
,2024,"WI, Juneau",0,0,1
,2024,"WI, Kenosha",1,1,0
,2024,"WI, Manitowoc",1,1,0
,2024,"WI, Marquette",0,0,0
,2024,"WI, Milwaukee",3,3,1
,2024,"WI, Outagamie",2,2,0
,2024,"WI, Polk",0,0,0
,2024,"WI, Racine",1,0,3
,2024,"WI, Rock",1,1,0
,2024,"WI, Sauk",0,0,0
,2024,"WI, Sheboygan",1,1,0
,2024,"WI, Trempealeau",1,1,0
,2024,"WI, Walworth",0,0,0
,2024,"WI, Washington",2,2,1
,2024,"WI, Waukesha",1,1,0
,2024,"WI, Winnebago",1,1,0
,2024,"WI, Wood",1,1,0
,2024,"WY, Albany",0,0,0
,2024,"WY, Big Horn",0,0,0
,2024,"WY, Campbell",0,0,0
,2024,"WY, Carbon",0,0,0
,2024,"WY, Fremont",0,0,1
,2024,"WY, Goshen",1,0,2
,2024,"WY, Laramie",0,0,0
,2024,"WY, Natrona",1,1,0
,2024,"WY, Sheridan",0,0,0
,2024,"AL, Autauga",2,1,0
,2024,"AL, Baldwin",2,1,0
,2024,"AL, Chilton",1,1,0
,2024,"AL, Cullman",2,1,0
,2024,"AL, Dallas",1,1,0
,2024,"AL, Jackson",1,1,0
,2024,"AL, Jefferson",6,6,0
,2024,"AL, Lee",0,0,1
,2024,"AL, Limestone",1,1,0
,2024,"AL, Madison",4,4,0
,2024,"AL, Mobile",6,4,4
,2024,"AL, Montgomery",4,4,0
,2024,"AL, Morgan",1,0,0
,2024,"AL, Shelby",2,2,0
,2024,"AL, Walker",1,1,0
,2024,"AZ, Cochise",1,1,0
,2024,"AZ, Gila",3,2,0
,2024,"AZ, Maricopa",21,15,4
,2024,"AZ, Navajo",0,0,0
,2024,"AZ, Pima",4,2,1
,2024,"AZ, Pinal",4,3,0
,2024,"AZ, Yuma",0,0,0
,2024,"AR, Chicot",1,1,0
,2024,"AR, Columbia",0,0,1
,2024,"AR, Crawford",1,1,0
,2024,"AR, Drew",1,1,0
,2024,"AR, Faulkner",0,0,0
,2024,"AR, Franklin",0,0,0
,2024,"AR, Fulton",0,0,0
,2024,"AR, Johnson",1,1,0
,2024,"AR, Little River",0,0,0
,2024,"AR, Perry",1,1,0
,2024,"AR, Pulaski",2,2,0
,2024,"AR, Saline",1,1,0
,2024,"CA, Alameda",0,0,1
,2024,"CA, Butte",11,7,2
,2024,"CA, Calaveras",1,1,0
,2024,"CA, Colusa",1,1,0
,2024,"CA, Contra Costa",4,3,1
,2024,"CA, El Dorado",0,0,0
,2024,"CA, Fresno",17,13,3
,2024,"CA, Glenn",1,1,1
,2024,"CA, Imperial",0,0,0
,2024,"CA, Kern",12,9,0
,2024,"CA, Kings",6,5,1
,2024,"CA, Lake",0,0,0
,2024,"CA, Los Angeles",23,22,6
,2024,"CA, Madera",0,0,0
,2024,"CA, Merced",3,2,0
,2024,"CA, Nevada",0,0,0
,2024,"CA, Orange",1,1,0
,2024,"CA, Placer",0,0,0
,2024,"CA, Riverside",6,3,0
,2024,"CA, Sacramento",7,7,0
,2024,"CA, San Bernardino",5,5,2
,2024,"CA, San Diego",2,2,0
,2024,"CA, San Joaquin",2,1,0
,2024,"CA, San Mateo",0,0,1
,2024,"CA, Santa Clara",4,4,2
,2024,"CA, Shasta",1,0,0
,2024,"CA, Solano",0,0,0
,2024,"CA, Stanislaus",5,3,1
,2024,"CA, Sutter",1,0,0
,2024,"CA, Tehama",1,1,0
,2024,"CA, Tulare",4,4,0
,2024,"CA, Yolo",9,4,2
,2024,"CA, Yuba",4,4,0
,2024,"CO, Adams",5,3,1
,2024,"CO, Arapahoe",8,5,1
,2024,"CO, Boulder",9,3,1
,2024,"CO, Broomfield",5,3,0
,2024,"CO, Delta",4,0,0
,2024,"CO, Denver",6,5,2
,2024,"CO, Douglas",2,0,2
,2024,"CO, El Paso",6,5,0
,2024,"CO, Fremont",2,1,0
,2024,"CO, Jefferson",3,3,1
,2024,"CO, Kit Carson",1,0,0
,2024,"CO, La Plata",1,1,0
,2024,"CO, Larimer",5,0,0
,2024,"CO, Mesa",1,0,0
,2024,"CO, Montrose",1,1,0
,2024,"CO, Morgan",1,1,0
,2024,"CO, Pueblo",0,0,0
,2024,"CO, Sedgwick",1,0,0
,2024,"CO, Weld",15,8,0
,2024,"CT, Capitol",2,1,0
,2024,"CT, Greater Bridgeport",1,1,0
,2024,"CT, Lower Connecticut River Valley",1,1,0
,2024,"CT, Northeastern Connecticut",0,0,0
,2024,"CT, South Central Connecticut",4,3,0
,2024,"CT, Southeastern Connecticut",1,1,0
,2024,"CT, Western Connecticut",4,4,0